{"coefs": [-2.0258698230184935, -8.010564000893634, -3.990678995806198, -1.0703611275097942, -9.23479376383964, -5.786348120035724, -7.19572077200862, -8.233828021579257, -5.930131632263496], "error_percentages": {"name": 13.42, "street": 14.64, "city": 13.42, "bank": 19.52, "account number": 17.08, "iban": 17.08, "bic": 18.3, "invoice number": 18.3, "fee": 17.08}, "sum_errors": {"name": 11, "street": 12, "city": 11, "bank": 16, "account number": 14, "iban": 14, "bic": 15, "invoice number": 15, "fee": 14}, "saved_time_perc": 59.9, "saved_time_amount": 46.55, "err_mean_perc": 16.54, "err_mean_amount": 13.56}